﻿<?xml version="1.0" encoding="utf-8"?>
<Books>
  <Book>
    <Title>Ready Player One</Title>
    <Author>Ernest Cline</Author>
    <Subject>Historical Fiction</Subject>
    <ISBN>030788743X</ISBN>
    <DateAdded>August 16, 2011</DateAdded>
    <NumberOfCopies>4</NumberOfCopies>
  </Book>
  <Book>
    <Title>IQ84</Title>
    <Author>Haruki Murakami</Author>
    <Subject>Historical Fiction</Subject>
    <ISBN>0307593312</ISBN>
    <DateAdded>October 25, 2011</DateAdded>
    <NumberOfCopies>1</NumberOfCopies>
  </Book>
  <Book>
    <Title>Dancing Barefoot</Title>
    <Author>Wil Wheaton</Author>
    <Subject>Autobiography</Subject>
    <ISBN>0596006748</ISBN>
    <DateAdded>January 1, 2004</DateAdded>
    <NumberOfCopies>9</NumberOfCopies>
  </Book>
  <Book>
    <Title>Anansi Boys</Title>
    <Author>Neil Gaiman</Author>
    <Subject>Fiction</Subject>
    <ISBN> 0060515198</ISBN>
    <DateAdded>September 26, 2006</DateAdded>
    <NumberOfCopies>2</NumberOfCopies>
  </Book>
</Books>